month,quote_date,trigger,complete,forward_end_month,positive_outcome,monthly_gain,forward_return
1974-10,1974-10-31,True,True,1975-10,True,0.1630469068473035,0.20487143541325348
1975-01,1975-01-31,True,True,1976-01,True,0.12281222430242678,0.3102103950644619
1976-01,1976-01-30,True,True,1977-01,True,0.11830577536437349,0.011600219728981731
1980-11,1980-11-28,True,True,1981-11,False,0.10237705284997124,-0.10083977631302188
1982-08,1982-08-31,True,True,1983-08,True,0.11597727353685029,0.3756170275110817
1982-10,1982-10-29,True,True,1983-10,True,0.11044679666161716,0.2230780852433636
1984-08,1984-08-31,True,True,1985-08,True,0.10633206308424414,0.13168954386581633
1987-01,1987-01-30,True,True,1988-01,False,0.13176689368870087,-0.0620620989543208
1991-12,1991-12-31,True,True,1992-12,True,0.11158785507428148,0.04464263175974903
2011-10,2011-10-31,True,True,2012-10,True,0.10772303843744145,0.12675335447413527
2020-04,2020-04-30,True,True,2021-04,True,0.1268440381652789,0.43562936105373384
2020-11,2020-11-30,True,True,2021-11,True,0.10754563544385909,0.26103443691858996
2026-04,2026-04-30,True,False,,,0.10423338582985764,
