month,quote_date,trigger,complete,forward_end_month,positive_outcome
1974-01,1974-01-31,False,True,1975-01,False
1974-02,1974-02-28,False,True,1975-02,False
1974-03,1974-03-29,False,True,1975-03,False
1974-04,1974-04-30,False,True,1975-04,False
1974-05,1974-05-31,False,True,1975-05,True
1974-06,1974-06-28,False,True,1975-06,True
1974-07,1974-07-31,False,True,1975-07,True
1974-08,1974-08-30,False,True,1975-08,True
1974-09,1974-09-30,False,True,1975-09,True
1974-10,1974-10-31,True,True,1975-10,True
1974-11,1974-11-29,False,True,1975-11,True
1974-12,1974-12-31,False,True,1975-12,True
1975-01,1975-01-31,True,True,1976-01,True
1975-02,1975-02-28,False,True,1976-02,True
1975-03,1975-03-31,False,True,1976-03,True
1975-04,1975-04-30,False,True,1976-04,True
1975-05,1975-05-30,False,True,1976-05,True
1975-06,1975-06-30,False,True,1976-06,True
1975-07,1975-07-31,False,True,1976-07,True
1975-08,1975-08-29,False,True,1976-08,True
1975-09,1975-09-30,False,True,1976-09,True
1975-10,1975-10-31,False,True,1976-10,True
1975-11,1975-11-28,False,True,1976-11,True
1975-12,1975-12-31,False,True,1976-12,True
1976-01,1976-01-30,True,True,1977-01,True
1976-02,1976-02-27,False,True,1977-02,True
1976-03,1976-03-31,False,True,1977-03,False
1976-04,1976-04-30,False,True,1977-04,False
1976-05,1976-05-28,False,True,1977-05,False
1976-06,1976-06-30,False,True,1977-06,False
1976-07,1976-07-30,False,True,1977-07,False
1976-08,1976-08-31,False,True,1977-08,False
1976-09,1976-09-30,False,True,1977-09,False
1976-10,1976-10-29,False,True,1977-10,False
1976-11,1976-11-30,False,True,1977-11,False
1976-12,1976-12-31,False,True,1977-12,False
1977-01,1977-01-31,False,True,1978-01,False
1977-02,1977-02-28,False,True,1978-02,False
1977-03,1977-03-31,False,True,1978-03,False
1977-04,1977-04-29,False,True,1978-04,False
1977-05,1977-05-31,False,True,1978-05,True
1977-06,1977-06-30,False,True,1978-06,False
1977-07,1977-07-29,False,True,1978-07,True
1977-08,1977-08-31,False,True,1978-08,True
1977-09,1977-09-30,False,True,1978-09,True
1977-10,1977-10-31,False,True,1978-10,True
1977-11,1977-11-30,False,True,1978-11,False
1977-12,1977-12-30,False,True,1978-12,True
1978-01,1978-01-31,False,True,1979-01,True
1978-02,1978-02-28,False,True,1979-02,True
1978-03,1978-03-31,False,True,1979-03,True
1978-04,1978-04-28,False,True,1979-04,True
1978-05,1978-05-31,False,True,1979-05,True
1978-06,1978-06-30,False,True,1979-06,True
1978-07,1978-07-31,False,True,1979-07,True
1978-08,1978-08-31,False,True,1979-08,True
1978-09,1978-09-29,False,True,1979-09,True
1978-10,1978-10-31,False,True,1979-10,True
1978-11,1978-11-30,False,True,1979-11,True
1978-12,1978-12-29,False,True,1979-12,True
1979-01,1979-01-31,False,True,1980-01,True
1979-02,1979-02-28,False,True,1980-02,True
1979-03,1979-03-30,False,True,1980-03,True
1979-04,1979-04-30,False,True,1980-04,True
1979-05,1979-05-31,False,True,1980-05,True
1979-06,1979-06-29,False,True,1980-06,True
1979-07,1979-07-31,False,True,1980-07,True
1979-08,1979-08-31,False,True,1980-08,True
1979-09,1979-09-28,False,True,1980-09,True
1979-10,1979-10-31,False,True,1980-10,True
1979-11,1979-11-30,False,True,1980-11,True
1979-12,1979-12-31,False,True,1980-12,True
1980-01,1980-01-31,False,True,1981-01,True
1980-02,1980-02-29,False,True,1981-02,True
1980-03,1980-03-31,False,True,1981-03,True
1980-04,1980-04-30,False,True,1981-04,True
1980-05,1980-05-30,False,True,1981-05,True
1980-06,1980-06-30,False,True,1981-06,True
1980-07,1980-07-31,False,True,1981-07,True
1980-08,1980-08-29,False,True,1981-08,True
1980-09,1980-09-30,False,True,1981-09,False
1980-10,1980-10-31,False,True,1981-10,False
1980-11,1980-11-28,True,True,1981-11,False
1980-12,1980-12-31,False,True,1981-12,False
1981-01,1981-01-30,False,True,1982-01,False
1981-02,1981-02-27,False,True,1982-02,False
1981-03,1981-03-31,False,True,1982-03,False
1981-04,1981-04-30,False,True,1982-04,False
1981-05,1981-05-29,False,True,1982-05,False
1981-06,1981-06-30,False,True,1982-06,False
1981-07,1981-07-31,False,True,1982-07,False
1981-08,1981-08-31,False,True,1982-08,False
1981-09,1981-09-30,False,True,1982-09,True
1981-10,1981-10-30,False,True,1982-10,True
1981-11,1981-11-30,False,True,1982-11,True
1981-12,1981-12-31,False,True,1982-12,True
1982-01,1982-01-29,False,True,1983-01,True
1982-02,1982-02-26,False,True,1983-02,True
1982-03,1982-03-31,False,True,1983-03,True
1982-04,1982-04-30,False,True,1983-04,True
1982-05,1982-05-28,False,True,1983-05,True
1982-06,1982-06-30,False,True,1983-06,True
1982-07,1982-07-30,False,True,1983-07,True
1982-08,1982-08-31,True,True,1983-08,True
1982-09,1982-09-30,False,True,1983-09,True
1982-10,1982-10-29,True,True,1983-10,True
1982-11,1982-11-30,False,True,1983-11,True
1982-12,1982-12-31,False,True,1983-12,True
1983-01,1983-01-31,False,True,1984-01,True
1983-02,1983-02-28,False,True,1984-02,True
1983-03,1983-03-31,False,True,1984-03,True
1983-04,1983-04-29,False,True,1984-04,False
1983-05,1983-05-31,False,True,1984-05,False
1983-06,1983-06-30,False,True,1984-06,False
1983-07,1983-07-29,False,True,1984-07,False
1983-08,1983-08-31,False,True,1984-08,True
1983-09,1983-09-30,False,True,1984-09,True
1983-10,1983-10-31,False,True,1984-10,True
1983-11,1983-11-30,False,True,1984-11,False
1983-12,1983-12-30,False,True,1984-12,True
1984-01,1984-01-31,False,True,1985-01,True
1984-02,1984-02-29,False,True,1985-02,True
1984-03,1984-03-30,False,True,1985-03,True
1984-04,1984-04-30,False,True,1985-04,True
1984-05,1984-05-31,False,True,1985-05,True
1984-06,1984-06-29,False,True,1985-06,True
1984-07,1984-07-31,False,True,1985-07,True
1984-08,1984-08-31,True,True,1985-08,True
1984-09,1984-09-28,False,True,1985-09,True
1984-10,1984-10-31,False,True,1985-10,True
1984-11,1984-11-30,False,True,1985-11,True
1984-12,1984-12-31,False,True,1985-12,True
1985-01,1985-01-31,False,True,1986-01,True
1985-02,1985-02-28,False,True,1986-02,True
1985-03,1985-03-29,False,True,1986-03,True
1985-04,1985-04-30,False,True,1986-04,True
1985-05,1985-05-31,False,True,1986-05,True
1985-06,1985-06-28,False,True,1986-06,True
1985-07,1985-07-31,False,True,1986-07,True
1985-08,1985-08-30,False,True,1986-08,True
1985-09,1985-09-30,False,True,1986-09,True
1985-10,1985-10-31,False,True,1986-10,True
1985-11,1985-11-29,False,True,1986-11,True
1985-12,1985-12-31,False,True,1986-12,True
1986-01,1986-01-31,False,True,1987-01,True
1986-02,1986-02-28,False,True,1987-02,True
1986-03,1986-03-31,False,True,1987-03,True
1986-04,1986-04-30,False,True,1987-04,True
1986-05,1986-05-30,False,True,1987-05,True
1986-06,1986-06-30,False,True,1987-06,True
1986-07,1986-07-31,False,True,1987-07,True
1986-08,1986-08-29,False,True,1987-08,True
1986-09,1986-09-30,False,True,1987-09,True
1986-10,1986-10-31,False,True,1987-10,True
1986-11,1986-11-28,False,True,1987-11,False
1986-12,1986-12-31,False,True,1987-12,True
1987-01,1987-01-30,True,True,1988-01,False
1987-02,1987-02-27,False,True,1988-02,False
1987-03,1987-03-31,False,True,1988-03,False
1987-04,1987-04-30,False,True,1988-04,False
1987-05,1987-05-29,False,True,1988-05,False
1987-06,1987-06-30,False,True,1988-06,False
1987-07,1987-07-31,False,True,1988-07,False
1987-08,1987-08-31,False,True,1988-08,False
1987-09,1987-09-30,False,True,1988-09,False
1987-10,1987-10-30,False,True,1988-10,True
1987-11,1987-11-30,False,True,1988-11,True
1987-12,1987-12-31,False,True,1988-12,True
1988-01,1988-01-29,False,True,1989-01,True
1988-02,1988-02-29,False,True,1989-02,True
1988-03,1988-03-31,False,True,1989-03,True
1988-04,1988-04-29,False,True,1989-04,True
1988-05,1988-05-31,False,True,1989-05,True
1988-06,1988-06-30,False,True,1989-06,True
1988-07,1988-07-29,False,True,1989-07,True
1988-08,1988-08-31,False,True,1989-08,True
1988-09,1988-09-30,False,True,1989-09,True
1988-10,1988-10-31,False,True,1989-10,True
1988-11,1988-11-30,False,True,1989-11,True
1988-12,1988-12-30,False,True,1989-12,True
1989-01,1989-01-31,False,True,1990-01,True
1989-02,1989-02-28,False,True,1990-02,True
1989-03,1989-03-31,False,True,1990-03,True
1989-04,1989-04-28,False,True,1990-04,True
1989-05,1989-05-31,False,True,1990-05,True
1989-06,1989-06-30,False,True,1990-06,True
1989-07,1989-07-31,False,True,1990-07,True
1989-08,1989-08-31,False,True,1990-08,False
1989-09,1989-09-29,False,True,1990-09,False
1989-10,1989-10-31,False,True,1990-10,False
1989-11,1989-11-30,False,True,1990-11,False
1989-12,1989-12-29,False,True,1990-12,False
1990-01,1990-01-31,False,True,1991-01,True
1990-02,1990-02-28,False,True,1991-02,True
1990-03,1990-03-30,False,True,1991-03,True
1990-04,1990-04-30,False,True,1991-04,True
1990-05,1990-05-31,False,True,1991-05,True
1990-06,1990-06-29,False,True,1991-06,True
1990-07,1990-07-31,False,True,1991-07,True
1990-08,1990-08-31,False,True,1991-08,True
1990-09,1990-09-28,False,True,1991-09,True
1990-10,1990-10-31,False,True,1991-10,True
1990-11,1990-11-30,False,True,1991-11,True
1990-12,1990-12-31,False,True,1991-12,True
1991-01,1991-01-31,False,True,1992-01,True
1991-02,1991-02-28,False,True,1992-02,True
1991-03,1991-03-28,False,True,1992-03,True
1991-04,1991-04-30,False,True,1992-04,True
1991-05,1991-05-31,False,True,1992-05,True
1991-06,1991-06-28,False,True,1992-06,True
1991-07,1991-07-31,False,True,1992-07,True
1991-08,1991-08-30,False,True,1992-08,True
1991-09,1991-09-30,False,True,1992-09,True
1991-10,1991-10-31,False,True,1992-10,True
1991-11,1991-11-29,False,True,1992-11,True
1991-12,1991-12-31,True,True,1992-12,True
1992-01,1992-01-31,False,True,1993-01,True
1992-02,1992-02-28,False,True,1993-02,True
1992-03,1992-03-31,False,True,1993-03,True
1992-04,1992-04-30,False,True,1993-04,True
1992-05,1992-05-29,False,True,1993-05,True
1992-06,1992-06-30,False,True,1993-06,True
1992-07,1992-07-31,False,True,1993-07,True
1992-08,1992-08-31,False,True,1993-08,True
1992-09,1992-09-30,False,True,1993-09,True
1992-10,1992-10-30,False,True,1993-10,True
1992-11,1992-11-30,False,True,1993-11,True
1992-12,1992-12-31,False,True,1993-12,True
1993-01,1993-01-29,False,True,1994-01,True
1993-02,1993-02-26,False,True,1994-02,True
1993-03,1993-03-31,False,True,1994-03,False
1993-04,1993-04-30,False,True,1994-04,True
1993-05,1993-05-28,False,True,1994-05,True
1993-06,1993-06-30,False,True,1994-06,False
1993-07,1993-07-30,False,True,1994-07,True
1993-08,1993-08-31,False,True,1994-08,True
1993-09,1993-09-30,False,True,1994-09,True
1993-10,1993-10-29,False,True,1994-10,True
1993-11,1993-11-30,False,True,1994-11,False
1993-12,1993-12-31,False,True,1994-12,False
1994-01,1994-01-31,False,True,1995-01,False
1994-02,1994-02-28,False,True,1995-02,True
1994-03,1994-03-31,False,True,1995-03,True
1994-04,1994-04-29,False,True,1995-04,True
1994-05,1994-05-31,False,True,1995-05,True
1994-06,1994-06-30,False,True,1995-06,True
1994-07,1994-07-29,False,True,1995-07,True
1994-08,1994-08-31,False,True,1995-08,True
1994-09,1994-09-30,False,True,1995-09,True
1994-10,1994-10-31,False,True,1995-10,True
1994-11,1994-11-30,False,True,1995-11,True
1994-12,1994-12-30,False,True,1995-12,True
1995-01,1995-01-31,False,True,1996-01,True
1995-02,1995-02-28,False,True,1996-02,True
1995-03,1995-03-31,False,True,1996-03,True
1995-04,1995-04-28,False,True,1996-04,True
1995-05,1995-05-31,False,True,1996-05,True
1995-06,1995-06-30,False,True,1996-06,True
1995-07,1995-07-31,False,True,1996-07,True
1995-08,1995-08-31,False,True,1996-08,True
1995-09,1995-09-29,False,True,1996-09,True
1995-10,1995-10-31,False,True,1996-10,True
1995-11,1995-11-30,False,True,1996-11,True
1995-12,1995-12-29,False,True,1996-12,True
1996-01,1996-01-31,False,True,1997-01,True
1996-02,1996-02-29,False,True,1997-02,True
1996-03,1996-03-29,False,True,1997-03,True
1996-04,1996-04-30,False,True,1997-04,True
1996-05,1996-05-31,False,True,1997-05,True
1996-06,1996-06-28,False,True,1997-06,True
1996-07,1996-07-31,False,True,1997-07,True
1996-08,1996-08-30,False,True,1997-08,True
1996-09,1996-09-30,False,True,1997-09,True
1996-10,1996-10-31,False,True,1997-10,True
1996-11,1996-11-29,False,True,1997-11,True
1996-12,1996-12-31,False,True,1997-12,True
1997-01,1997-01-31,False,True,1998-01,True
1997-02,1997-02-28,False,True,1998-02,True
1997-03,1997-03-31,False,True,1998-03,True
1997-04,1997-04-30,False,True,1998-04,True
1997-05,1997-05-30,False,True,1998-05,True
1997-06,1997-06-30,False,True,1998-06,True
1997-07,1997-07-31,False,True,1998-07,True
1997-08,1997-08-29,False,True,1998-08,True
1997-09,1997-09-30,False,True,1998-09,True
1997-10,1997-10-31,False,True,1998-10,True
1997-11,1997-11-28,False,True,1998-11,True
1997-12,1997-12-31,False,True,1998-12,True
1998-01,1998-01-30,False,True,1999-01,True
1998-02,1998-02-27,False,True,1999-02,True
1998-03,1998-03-31,False,True,1999-03,True
1998-04,1998-04-30,False,True,1999-04,True
1998-05,1998-05-29,False,True,1999-05,True
1998-06,1998-06-30,False,True,1999-06,True
1998-07,1998-07-31,False,True,1999-07,True
1998-08,1998-08-31,False,True,1999-08,True
1998-09,1998-09-30,False,True,1999-09,True
1998-10,1998-10-30,False,True,1999-10,True
1998-11,1998-11-30,False,True,1999-11,True
1998-12,1998-12-31,False,True,1999-12,True
1999-01,1999-01-29,False,True,2000-01,True
1999-02,1999-02-26,False,True,2000-02,True
1999-03,1999-03-31,False,True,2000-03,True
1999-04,1999-04-30,False,True,2000-04,True
1999-05,1999-05-28,False,True,2000-05,True
1999-06,1999-06-30,False,True,2000-06,True
1999-07,1999-07-30,False,True,2000-07,True
1999-08,1999-08-31,False,True,2000-08,True
1999-09,1999-09-30,False,True,2000-09,True
1999-10,1999-10-29,False,True,2000-10,True
1999-11,1999-11-30,False,True,2000-11,False
1999-12,1999-12-31,False,True,2000-12,False
2000-01,2000-01-31,False,True,2001-01,False
2000-02,2000-02-29,False,True,2001-02,False
2000-03,2000-03-31,False,True,2001-03,False
2000-04,2000-04-28,False,True,2001-04,False
2000-05,2000-05-31,False,True,2001-05,False
2000-06,2000-06-30,False,True,2001-06,False
2000-07,2000-07-31,False,True,2001-07,False
2000-08,2000-08-31,False,True,2001-08,False
2000-09,2000-09-29,False,True,2001-09,False
2000-10,2000-10-31,False,True,2001-10,False
2000-11,2000-11-30,False,True,2001-11,False
2000-12,2000-12-29,False,True,2001-12,False
2001-01,2001-01-31,False,True,2002-01,False
2001-02,2001-02-28,False,True,2002-02,False
2001-03,2001-03-30,False,True,2002-03,False
2001-04,2001-04-30,False,True,2002-04,False
2001-05,2001-05-31,False,True,2002-05,False
2001-06,2001-06-29,False,True,2002-06,False
2001-07,2001-07-31,False,True,2002-07,False
2001-08,2001-08-31,False,True,2002-08,False
2001-09,2001-09-28,False,True,2002-09,False
2001-10,2001-10-31,False,True,2002-10,False
2001-11,2001-11-30,False,True,2002-11,False
2001-12,2001-12-31,False,True,2002-12,False
2002-01,2002-01-31,False,True,2003-01,False
2002-02,2002-02-28,False,True,2003-02,False
2002-03,2002-03-28,False,True,2003-03,False
2002-04,2002-04-30,False,True,2003-04,False
2002-05,2002-05-31,False,True,2003-05,False
2002-06,2002-06-28,False,True,2003-06,False
2002-07,2002-07-31,False,True,2003-07,True
2002-08,2002-08-30,False,True,2003-08,True
2002-09,2002-09-30,False,True,2003-09,True
2002-10,2002-10-31,False,True,2003-10,True
2002-11,2002-11-29,False,True,2003-11,True
2002-12,2002-12-31,False,True,2003-12,True
2003-01,2003-01-31,False,True,2004-01,True
2003-02,2003-02-28,False,True,2004-02,True
2003-03,2003-03-31,False,True,2004-03,True
2003-04,2003-04-30,False,True,2004-04,True
2003-05,2003-05-30,False,True,2004-05,True
2003-06,2003-06-30,False,True,2004-06,True
2003-07,2003-07-31,False,True,2004-07,True
2003-08,2003-08-29,False,True,2004-08,True
2003-09,2003-09-30,False,True,2004-09,True
2003-10,2003-10-31,False,True,2004-10,True
2003-11,2003-11-28,False,True,2004-11,True
2003-12,2003-12-31,False,True,2004-12,True
2004-01,2004-01-30,False,True,2005-01,True
2004-02,2004-02-27,False,True,2005-02,True
2004-03,2004-03-31,False,True,2005-03,True
2004-04,2004-04-30,False,True,2005-04,True
2004-05,2004-05-28,False,True,2005-05,True
2004-06,2004-06-30,False,True,2005-06,True
2004-07,2004-07-30,False,True,2005-07,True
2004-08,2004-08-31,False,True,2005-08,True
2004-09,2004-09-30,False,True,2005-09,True
2004-10,2004-10-29,False,True,2005-10,True
2004-11,2004-11-30,False,True,2005-11,True
2004-12,2004-12-31,False,True,2005-12,True
2005-01,2005-01-31,False,True,2006-01,True
2005-02,2005-02-28,False,True,2006-02,True
2005-03,2005-03-31,False,True,2006-03,True
2005-04,2005-04-29,False,True,2006-04,True
2005-05,2005-05-31,False,True,2006-05,True
2005-06,2005-06-30,False,True,2006-06,True
2005-07,2005-07-29,False,True,2006-07,True
2005-08,2005-08-31,False,True,2006-08,True
2005-09,2005-09-30,False,True,2006-09,True
2005-10,2005-10-31,False,True,2006-10,True
2005-11,2005-11-30,False,True,2006-11,True
2005-12,2005-12-30,False,True,2006-12,True
2006-01,2006-01-31,False,True,2007-01,True
2006-02,2006-02-28,False,True,2007-02,True
2006-03,2006-03-31,False,True,2007-03,True
2006-04,2006-04-28,False,True,2007-04,True
2006-05,2006-05-31,False,True,2007-05,True
2006-06,2006-06-30,False,True,2007-06,True
2006-07,2006-07-31,False,True,2007-07,True
2006-08,2006-08-31,False,True,2007-08,True
2006-09,2006-09-29,False,True,2007-09,True
2006-10,2006-10-31,False,True,2007-10,True
2006-11,2006-11-30,False,True,2007-11,True
2006-12,2006-12-29,False,True,2007-12,True
2007-01,2007-01-31,False,True,2008-01,False
2007-02,2007-02-28,False,True,2008-02,False
2007-03,2007-03-30,False,True,2008-03,False
2007-04,2007-04-30,False,True,2008-04,False
2007-05,2007-05-31,False,True,2008-05,False
2007-06,2007-06-29,False,True,2008-06,False
2007-07,2007-07-31,False,True,2008-07,False
2007-08,2007-08-31,False,True,2008-08,False
2007-09,2007-09-28,False,True,2008-09,False
2007-10,2007-10-31,False,True,2008-10,False
2007-11,2007-11-30,False,True,2008-11,False
2007-12,2007-12-31,False,True,2008-12,False
2008-01,2008-01-31,False,True,2009-01,False
2008-02,2008-02-29,False,True,2009-02,False
2008-03,2008-03-31,False,True,2009-03,False
2008-04,2008-04-30,False,True,2009-04,False
2008-05,2008-05-30,False,True,2009-05,False
2008-06,2008-06-30,False,True,2009-06,False
2008-07,2008-07-31,False,True,2009-07,False
2008-08,2008-08-29,False,True,2009-08,False
2008-09,2008-09-30,False,True,2009-09,False
2008-10,2008-10-31,False,True,2009-10,True
2008-11,2008-11-28,False,True,2009-11,True
2008-12,2008-12-31,False,True,2009-12,True
2009-01,2009-01-30,False,True,2010-01,True
2009-02,2009-02-27,False,True,2010-02,True
2009-03,2009-03-31,False,True,2010-03,True
2009-04,2009-04-30,False,True,2010-04,True
2009-05,2009-05-29,False,True,2010-05,True
2009-06,2009-06-30,False,True,2010-06,True
2009-07,2009-07-31,False,True,2010-07,True
2009-08,2009-08-31,False,True,2010-08,True
2009-09,2009-09-30,False,True,2010-09,True
2009-10,2009-10-30,False,True,2010-10,True
2009-11,2009-11-30,False,True,2010-11,True
2009-12,2009-12-31,False,True,2010-12,True
2010-01,2010-01-29,False,True,2011-01,True
2010-02,2010-02-26,False,True,2011-02,True
2010-03,2010-03-31,False,True,2011-03,True
2010-04,2010-04-30,False,True,2011-04,True
2010-05,2010-05-28,False,True,2011-05,True
2010-06,2010-06-30,False,True,2011-06,True
2010-07,2010-07-30,False,True,2011-07,True
2010-08,2010-08-31,False,True,2011-08,True
2010-09,2010-09-30,False,True,2011-09,False
2010-10,2010-10-29,False,True,2011-10,True
2010-11,2010-11-30,False,True,2011-11,True
2010-12,2010-12-31,False,True,2011-12,False
2011-01,2011-01-31,False,True,2012-01,True
2011-02,2011-02-28,False,True,2012-02,True
2011-03,2011-03-31,False,True,2012-03,True
2011-04,2011-04-29,False,True,2012-04,True
2011-05,2011-05-31,False,True,2012-05,False
2011-06,2011-06-30,False,True,2012-06,True
2011-07,2011-07-29,False,True,2012-07,True
2011-08,2011-08-31,False,True,2012-08,True
2011-09,2011-09-30,False,True,2012-09,True
2011-10,2011-10-31,True,True,2012-10,True
2011-11,2011-11-30,False,True,2012-11,True
2011-12,2011-12-30,False,True,2012-12,True
2012-01,2012-01-31,False,True,2013-01,True
2012-02,2012-02-29,False,True,2013-02,True
2012-03,2012-03-30,False,True,2013-03,True
2012-04,2012-04-30,False,True,2013-04,True
2012-05,2012-05-31,False,True,2013-05,True
2012-06,2012-06-29,False,True,2013-06,True
2012-07,2012-07-31,False,True,2013-07,True
2012-08,2012-08-31,False,True,2013-08,True
2012-09,2012-09-28,False,True,2013-09,True
2012-10,2012-10-31,False,True,2013-10,True
2012-11,2012-11-30,False,True,2013-11,True
2012-12,2012-12-31,False,True,2013-12,True
2013-01,2013-01-31,False,True,2014-01,True
2013-02,2013-02-28,False,True,2014-02,True
2013-03,2013-03-28,False,True,2014-03,True
2013-04,2013-04-30,False,True,2014-04,True
2013-05,2013-05-31,False,True,2014-05,True
2013-06,2013-06-28,False,True,2014-06,True
2013-07,2013-07-31,False,True,2014-07,True
2013-08,2013-08-30,False,True,2014-08,True
2013-09,2013-09-30,False,True,2014-09,True
2013-10,2013-10-31,False,True,2014-10,True
2013-11,2013-11-29,False,True,2014-11,True
2013-12,2013-12-31,False,True,2014-12,True
2014-01,2014-01-31,False,True,2015-01,True
2014-02,2014-02-28,False,True,2015-02,True
2014-03,2014-03-31,False,True,2015-03,True
2014-04,2014-04-30,False,True,2015-04,True
2014-05,2014-05-30,False,True,2015-05,True
2014-06,2014-06-30,False,True,2015-06,True
2014-07,2014-07-31,False,True,2015-07,True
2014-08,2014-08-29,False,True,2015-08,False
2014-09,2014-09-30,False,True,2015-09,False
2014-10,2014-10-31,False,True,2015-10,True
2014-11,2014-11-28,False,True,2015-11,True
2014-12,2014-12-31,False,True,2015-12,False
2015-01,2015-01-30,False,True,2016-01,False
2015-02,2015-02-27,False,True,2016-02,False
2015-03,2015-03-31,False,True,2016-03,False
2015-04,2015-04-30,False,True,2016-04,False
2015-05,2015-05-29,False,True,2016-05,False
2015-06,2015-06-30,False,True,2016-06,True
2015-07,2015-07-31,False,True,2016-07,True
2015-08,2015-08-31,False,True,2016-08,True
2015-09,2015-09-30,False,True,2016-09,True
2015-10,2015-10-30,False,True,2016-10,True
2015-11,2015-11-30,False,True,2016-11,True
2015-12,2015-12-31,False,True,2016-12,True
2016-01,2016-01-29,False,True,2017-01,True
2016-02,2016-02-29,False,True,2017-02,True
2016-03,2016-03-31,False,True,2017-03,True
2016-04,2016-04-29,False,True,2017-04,True
2016-05,2016-05-31,False,True,2017-05,True
2016-06,2016-06-30,False,True,2017-06,True
2016-07,2016-07-29,False,True,2017-07,True
2016-08,2016-08-31,False,True,2017-08,True
2016-09,2016-09-30,False,True,2017-09,True
2016-10,2016-10-31,False,True,2017-10,True
2016-11,2016-11-30,False,True,2017-11,True
2016-12,2016-12-30,False,True,2017-12,True
2017-01,2017-01-31,False,True,2018-01,True
2017-02,2017-02-28,False,True,2018-02,True
2017-03,2017-03-31,False,True,2018-03,True
2017-04,2017-04-28,False,True,2018-04,True
2017-05,2017-05-31,False,True,2018-05,True
2017-06,2017-06-30,False,True,2018-06,True
2017-07,2017-07-31,False,True,2018-07,True
2017-08,2017-08-31,False,True,2018-08,True
2017-09,2017-09-29,False,True,2018-09,True
2017-10,2017-10-31,False,True,2018-10,True
2017-11,2017-11-30,False,True,2018-11,True
2017-12,2017-12-29,False,True,2018-12,False
2018-01,2018-01-31,False,True,2019-01,False
2018-02,2018-02-28,False,True,2019-02,True
2018-03,2018-03-29,False,True,2019-03,True
2018-04,2018-04-30,False,True,2019-04,True
2018-05,2018-05-31,False,True,2019-05,True
2018-06,2018-06-29,False,True,2019-06,True
2018-07,2018-07-31,False,True,2019-07,True
2018-08,2018-08-31,False,True,2019-08,True
2018-09,2018-09-28,False,True,2019-09,True
2018-10,2018-10-31,False,True,2019-10,True
2018-11,2018-11-30,False,True,2019-11,True
2018-12,2018-12-31,False,True,2019-12,True
2019-01,2019-01-31,False,True,2020-01,True
2019-02,2019-02-28,False,True,2020-02,True
2019-03,2019-03-29,False,True,2020-03,False
2019-04,2019-04-30,False,True,2020-04,False
2019-05,2019-05-31,False,True,2020-05,True
2019-06,2019-06-28,False,True,2020-06,True
2019-07,2019-07-31,False,True,2020-07,True
2019-08,2019-08-30,False,True,2020-08,True
2019-09,2019-09-30,False,True,2020-09,True
2019-10,2019-10-31,False,True,2020-10,True
2019-11,2019-11-29,False,True,2020-11,True
2019-12,2019-12-31,False,True,2020-12,True
2020-01,2020-01-31,False,True,2021-01,True
2020-02,2020-02-28,False,True,2021-02,True
2020-03,2020-03-31,False,True,2021-03,True
2020-04,2020-04-30,True,True,2021-04,True
2020-05,2020-05-29,False,True,2021-05,True
2020-06,2020-06-30,False,True,2021-06,True
2020-07,2020-07-31,False,True,2021-07,True
2020-08,2020-08-31,False,True,2021-08,True
2020-09,2020-09-30,False,True,2021-09,True
2020-10,2020-10-30,False,True,2021-10,True
2020-11,2020-11-30,True,True,2021-11,True
2020-12,2020-12-31,False,True,2021-12,True
2021-01,2021-01-29,False,True,2022-01,True
2021-02,2021-02-26,False,True,2022-02,True
2021-03,2021-03-31,False,True,2022-03,True
2021-04,2021-04-30,False,True,2022-04,False
2021-05,2021-05-28,False,True,2022-05,False
2021-06,2021-06-30,False,True,2022-06,False
2021-07,2021-07-30,False,True,2022-07,False
2021-08,2021-08-31,False,True,2022-08,False
2021-09,2021-09-30,False,True,2022-09,False
2021-10,2021-10-29,False,True,2022-10,False
2021-11,2021-11-30,False,True,2022-11,False
2021-12,2021-12-31,False,True,2022-12,False
2022-01,2022-01-31,False,True,2023-01,False
2022-02,2022-02-28,False,True,2023-02,False
2022-03,2022-03-31,False,True,2023-03,False
2022-04,2022-04-29,False,True,2023-04,True
2022-05,2022-05-31,False,True,2023-05,True
2022-06,2022-06-30,False,True,2023-06,True
2022-07,2022-07-29,False,True,2023-07,True
2022-08,2022-08-31,False,True,2023-08,True
2022-09,2022-09-30,False,True,2023-09,True
2022-10,2022-10-31,False,True,2023-10,True
2022-11,2022-11-30,False,True,2023-11,True
2022-12,2022-12-30,False,True,2023-12,True
2023-01,2023-01-31,False,True,2024-01,True
2023-02,2023-02-28,False,True,2024-02,True
2023-03,2023-03-31,False,True,2024-03,True
2023-04,2023-04-28,False,True,2024-04,True
2023-05,2023-05-31,False,True,2024-05,True
2023-06,2023-06-30,False,True,2024-06,True
2023-07,2023-07-31,False,True,2024-07,True
2023-08,2023-08-31,False,True,2024-08,True
2023-09,2023-09-29,False,True,2024-09,True
2023-10,2023-10-31,False,True,2024-10,True
2023-11,2023-11-30,False,True,2024-11,True
2023-12,2023-12-29,False,True,2024-12,True
2024-01,2024-01-31,False,True,2025-01,True
2024-02,2024-02-29,False,True,2025-02,True
2024-03,2024-03-28,False,True,2025-03,True
2024-04,2024-04-30,False,True,2025-04,True
2024-05,2024-05-31,False,True,2025-05,True
2024-06,2024-06-28,False,True,2025-06,True
2024-07,2024-07-31,False,True,2025-07,True
2024-08,2024-08-30,False,True,2025-08,True
2024-09,2024-09-30,False,True,2025-09,True
2024-10,2024-10-31,False,True,2025-10,True
2024-11,2024-11-29,False,True,2025-11,True
2024-12,2024-12-31,False,True,2025-12,True
2025-01,2025-01-31,False,True,2026-01,True
2025-02,2025-02-28,False,True,2026-02,True
2025-03,2025-03-31,False,True,2026-03,True
2025-04,2025-04-30,False,True,2026-04,True
2025-05,2025-05-30,False,False,,
2025-06,2025-06-30,False,False,,
2025-07,2025-07-31,False,False,,
2025-08,2025-08-29,False,False,,
2025-09,2025-09-30,False,False,,
2025-10,2025-10-31,False,False,,
2025-11,2025-11-28,False,False,,
2025-12,2025-12-31,False,False,,
2026-01,2026-01-30,False,False,,
2026-02,2026-02-27,False,False,,
2026-03,2026-03-31,False,False,,
2026-04,2026-04-30,True,False,,
